Search Date,Total Price,Last Day to Book,Airline,Aircraft,Departure Airport,Departure Time,Arrival Airport,Arrival Time,Cabin
2025-11-08,9918.00,2025-11-06,AI,32N,DEL,2025-11-08T02:30:00,MAA,2025-11-08T05:20:00,ECONOMY
2025-11-08,9918.00,2025-11-06,AI,32N,DEL,2025-11-08T07:45:00,MAA,2025-11-08T10:35:00,ECONOMY
2025-11-08,9918.00,2025-11-06,AI,32N,DEL,2025-11-08T09:55:00,MAA,2025-11-08T12:45:00,ECONOMY
2025-11-08,9918.00,2025-11-06,AI,321,DEL,2025-11-08T21:00:00,MAA,2025-11-08T23:50:00,ECONOMY
2025-11-08,9918.00,2025-11-06,AI,32N,DEL,2025-11-08T06:00:00,MAA,2025-11-08T08:55:00,ECONOMY
2025-11-08,9918.00,2025-11-06,AI,32N,DEL,2025-11-08T12:15:00,MAA,2025-11-08T15:10:00,ECONOMY
2025-11-08,9918.00,2025-11-06,AI,32N,DEL,2025-11-08T13:40:00,MAA,2025-11-08T16:35:00,ECONOMY
2025-11-08,9918.00,2025-11-06,AI,77W,DEL,2025-11-08T16:15:00,MAA,2025-11-08T19:10:00,ECONOMY
2025-11-08,9918.00,2025-11-06,AI,32N,DEL,2025-11-08T20:00:00,MAA,2025-11-08T22:55:00,ECONOMY
2025-11-08,10188.00,2025-11-06,AI,32N,DEL,2025-11-08T17:55:00,MAA,2025-11-08T20:40:00,ECONOMY
2025-11-09,9918.00,2025-11-06,AI,32N,DEL,2025-11-09T02:30:00,MAA,2025-11-09T05:20:00,ECONOMY
2025-11-09,9918.00,2025-11-06,AI,321,DEL,2025-11-09T21:00:00,MAA,2025-11-09T23:50:00,ECONOMY
2025-11-09,10188.00,2025-11-06,AI,32N,DEL,2025-11-09T09:55:00,MAA,2025-11-09T12:45:00,ECONOMY
2025-11-09,10188.00,2025-11-06,AI,32N,DEL,2025-11-09T13:40:00,MAA,2025-11-09T16:35:00,ECONOMY
2025-11-09,10188.00,2025-11-06,AI,77W,DEL,2025-11-09T16:15:00,MAA,2025-11-09T19:10:00,ECONOMY
2025-11-09,10687.00,2025-11-06,AI,320,DEL,2025-11-09T19:10:00,JAI,2025-11-09T20:15:00,ECONOMY
2025-11-09,10687.00,2025-11-06,AI,320,DEL,2025-11-09T14:10:00,JAI,2025-11-09T15:15:00,ECONOMY
2025-11-09,10968.00,2025-11-06,AI,32N,DEL,2025-11-09T07:45:00,MAA,2025-11-09T10:35:00,ECONOMY
2025-11-09,10968.00,2025-11-06,AI,32N,DEL,2025-11-09T06:00:00,MAA,2025-11-09T08:55:00,ECONOMY
2025-11-09,10968.00,2025-11-06,AI,32N,DEL,2025-11-09T12:15:00,MAA,2025-11-09T15:10:00,ECONOMY
2025-11-10,9918.00,2025-11-06,AI,32N,DEL,2025-11-10T02:30:00,MAA,2025-11-10T05:20:00,ECONOMY
2025-11-10,9918.00,2025-11-06,AI,321,DEL,2025-11-10T21:00:00,MAA,2025-11-10T23:50:00,ECONOMY
2025-11-10,9918.00,2025-11-06,AI,32N,DEL,2025-11-10T12:15:00,MAA,2025-11-10T15:10:00,ECONOMY
2025-11-10,9918.00,2025-11-06,AI,32N,DEL,2025-11-10T13:40:00,MAA,2025-11-10T16:35:00,ECONOMY
2025-11-10,9918.00,2025-11-06,AI,77W,DEL,2025-11-10T16:15:00,MAA,2025-11-10T19:10:00,ECONOMY
2025-11-10,9918.00,2025-11-06,AI,32N,DEL,2025-11-10T20:00:00,MAA,2025-11-10T22:55:00,ECONOMY
2025-11-10,10188.00,2025-11-06,AI,32N,DEL,2025-11-10T17:55:00,MAA,2025-11-10T20:40:00,ECONOMY
2025-11-10,10188.00,2025-11-06,AI,32N,DEL,2025-11-10T07:45:00,MAA,2025-11-10T10:35:00,ECONOMY
2025-11-10,10188.00,2025-11-06,AI,32N,DEL,2025-11-10T09:55:00,MAA,2025-11-10T12:45:00,ECONOMY
2025-11-10,10188.00,2025-11-06,AI,32N,DEL,2025-11-10T06:00:00,MAA,2025-11-10T08:55:00,ECONOMY
2025-11-11,9918.00,2025-11-06,AI,32N,DEL,2025-11-11T17:55:00,MAA,2025-11-11T20:40:00,ECONOMY
2025-11-11,9918.00,2025-11-06,AI,32N,DEL,2025-11-11T02:30:00,MAA,2025-11-11T05:20:00,ECONOMY
2025-11-11,9918.00,2025-11-06,AI,32N,DEL,2025-11-11T07:45:00,MAA,2025-11-11T10:35:00,ECONOMY
2025-11-11,9918.00,2025-11-06,AI,32N,DEL,2025-11-11T09:55:00,MAA,2025-11-11T12:45:00,ECONOMY
2025-11-11,9918.00,2025-11-06,AI,321,DEL,2025-11-11T21:00:00,MAA,2025-11-11T23:50:00,ECONOMY
2025-11-11,9918.00,2025-11-06,AI,32N,DEL,2025-11-11T06:00:00,MAA,2025-11-11T08:55:00,ECONOMY
2025-11-11,9918.00,2025-11-06,AI,32N,DEL,2025-11-11T12:15:00,MAA,2025-11-11T15:10:00,ECONOMY
2025-11-11,9918.00,2025-11-06,AI,32N,DEL,2025-11-11T13:40:00,MAA,2025-11-11T16:35:00,ECONOMY
2025-11-11,9918.00,2025-11-06,AI,77W,DEL,2025-11-11T16:15:00,MAA,2025-11-11T19:10:00,ECONOMY
2025-11-11,10111.00,2025-11-06,AI,320,DEL,2025-11-11T07:10:00,GOX,2025-11-11T09:45:00,ECONOMY
2025-11-12,9918.00,2025-11-06,AI,32N,DEL,2025-11-12T17:55:00,MAA,2025-11-12T20:40:00,ECONOMY
2025-11-12,9918.00,2025-11-06,AI,32N,DEL,2025-11-12T02:30:00,MAA,2025-11-12T05:20:00,ECONOMY
2025-11-12,9918.00,2025-11-06,AI,32N,DEL,2025-11-12T09:55:00,MAA,2025-11-12T12:45:00,ECONOMY
2025-11-12,9918.00,2025-11-06,AI,321,DEL,2025-11-12T21:00:00,MAA,2025-11-12T23:50:00,ECONOMY
2025-11-12,9918.00,2025-11-06,AI,32N,DEL,2025-11-12T06:00:00,MAA,2025-11-12T08:55:00,ECONOMY
2025-11-12,9918.00,2025-11-06,AI,32N,DEL,2025-11-12T12:15:00,MAA,2025-11-12T15:10:00,ECONOMY
2025-11-12,9918.00,2025-11-06,AI,32N,DEL,2025-11-12T13:40:00,MAA,2025-11-12T16:35:00,ECONOMY
2025-11-12,9918.00,2025-11-06,AI,77W,DEL,2025-11-12T16:15:00,MAA,2025-11-12T19:10:00,ECONOMY
2025-11-12,9918.00,2025-11-06,AI,32N,DEL,2025-11-12T07:45:00,MAA,2025-11-12T10:35:00,ECONOMY
2025-11-12,9918.00,2025-11-06,AI,32N,DEL,2025-11-12T20:00:00,MAA,2025-11-12T22:55:00,ECONOMY
2025-11-15,9918.00,2025-11-06,AI,32N,DEL,2025-11-15T02:30:00,MAA,2025-11-15T05:20:00,ECONOMY
2025-11-15,9918.00,2025-11-06,AI,32N,DEL,2025-11-15T09:55:00,MAA,2025-11-15T12:45:00,ECONOMY
2025-11-15,9918.00,2025-11-06,AI,321,DEL,2025-11-15T21:00:00,MAA,2025-11-15T23:50:00,ECONOMY
2025-11-15,9918.00,2025-11-06,AI,32N,DEL,2025-11-15T06:00:00,MAA,2025-11-15T08:55:00,ECONOMY
2025-11-15,9918.00,2025-11-06,AI,32N,DEL,2025-11-15T12:15:00,MAA,2025-11-15T15:10:00,ECONOMY
2025-11-15,9918.00,2025-11-06,AI,32N,DEL,2025-11-15T13:40:00,MAA,2025-11-15T16:35:00,ECONOMY
2025-11-15,9918.00,2025-11-06,AI,77W,DEL,2025-11-15T16:15:00,MAA,2025-11-15T19:10:00,ECONOMY
2025-11-15,9918.00,2025-11-06,AI,32N,DEL,2025-11-15T07:45:00,MAA,2025-11-15T10:35:00,ECONOMY
2025-11-15,9918.00,2025-11-06,AI,32N,DEL,2025-11-15T20:00:00,MAA,2025-11-15T22:55:00,ECONOMY
2025-11-15,10188.00,2025-11-06,AI,32N,DEL,2025-11-15T17:55:00,MAA,2025-11-15T20:40:00,ECONOMY
2025-11-16,10188.00,2025-11-06,AI,32N,DEL,2025-11-16T09:55:00,MAA,2025-11-16T12:45:00,ECONOMY
2025-11-16,10188.00,2025-11-06,AI,32N,DEL,2025-11-16T13:40:00,MAA,2025-11-16T16:35:00,ECONOMY
2025-11-16,10188.00,2025-11-06,AI,77W,DEL,2025-11-16T16:15:00,MAA,2025-11-16T19:10:00,ECONOMY
2025-11-16,10968.00,2025-11-06,AI,32N,DEL,2025-11-16T02:30:00,MAA,2025-11-16T05:20:00,ECONOMY
2025-11-16,10968.00,2025-11-06,AI,32N,DEL,2025-11-16T07:45:00,MAA,2025-11-16T10:35:00,ECONOMY
2025-11-16,10968.00,2025-11-06,AI,321,DEL,2025-11-16T21:00:00,MAA,2025-11-16T23:50:00,ECONOMY
2025-11-16,10968.00,2025-11-06,AI,32N,DEL,2025-11-16T06:00:00,MAA,2025-11-16T08:55:00,ECONOMY
2025-11-16,10968.00,2025-11-06,AI,32N,DEL,2025-11-16T12:15:00,MAA,2025-11-16T15:10:00,ECONOMY
2025-11-16,10968.00,2025-11-06,AI,32N,DEL,2025-11-16T20:00:00,MAA,2025-11-16T22:55:00,ECONOMY
2025-11-16,11112.00,2025-11-06,AI,320,DEL,2025-11-16T19:10:00,JAI,2025-11-16T20:15:00,ECONOMY
2025-11-17,9918.00,2025-11-06,AI,32N,DEL,2025-11-17T02:30:00,MAA,2025-11-17T05:20:00,ECONOMY
2025-11-17,9918.00,2025-11-06,AI,321,DEL,2025-11-17T21:00:00,MAA,2025-11-17T23:50:00,ECONOMY
2025-11-17,9918.00,2025-11-06,AI,32N,DEL,2025-11-17T12:15:00,MAA,2025-11-17T15:10:00,ECONOMY
2025-11-17,9918.00,2025-11-06,AI,32N,DEL,2025-11-17T13:40:00,MAA,2025-11-17T16:35:00,ECONOMY
2025-11-17,9918.00,2025-11-06,AI,77W,DEL,2025-11-17T16:15:00,MAA,2025-11-17T19:10:00,ECONOMY
2025-11-17,10188.00,2025-11-06,AI,32N,DEL,2025-11-17T17:55:00,MAA,2025-11-17T20:40:00,ECONOMY
2025-11-17,10188.00,2025-11-06,AI,32N,DEL,2025-11-17T07:45:00,MAA,2025-11-17T10:35:00,ECONOMY
2025-11-17,10188.00,2025-11-06,AI,32N,DEL,2025-11-17T06:00:00,MAA,2025-11-17T08:55:00,ECONOMY
2025-11-17,10306.00,2025-11-06,AI,32N,DEL,2025-11-17T12:00:00,LKO,2025-11-17T13:15:00,ECONOMY
2025-11-17,10968.00,2025-11-06,AI,32N,DEL,2025-11-17T20:00:00,MAA,2025-11-17T22:55:00,ECONOMY
